{
    "name": "basic_toon_shader",
    "items": [
        {
            "name": "Make sure you are using EEVEE",
            "completed": false
        },
        {
            "name": "Create a new material",
            "completed": false
        },
        {
            "name": "Add a Shader to RGB node after the Principled BSDF",
            "completed": false
        },
        {
            "name": "Add a Color Ramp after the Shader to RGB",
            "completed": false
        },
        {
            "name": "Set the Color Ramp's Interpolation to \"Constant\"",
            "completed": false
        },
        {
            "name": "Move around the stops to adjust",
            "completed": false
        }
    ]
}