{
    "name": "city_asset_list",
    "items": [
        {
            "name": "Modular building",
            "completed": false
        },
        {
            "name": "Street lamp",
            "completed": false
        },
        {
            "name": "Tree",
            "completed": false
        },
        {
            "name": "Park bench",
            "completed": false
        },
        {
            "name": "Bin",
            "completed": false
        },
        {
            "name": "Stop sign",
            "completed": false
        },
        {
            "name": "Car",
            "completed": false
        },
        {
            "name": "Bicycle",
            "completed": false
        },
        {
            "name": "Fire hydrant",
            "completed": false
        }
    ]
}