{
    "name": "cycles_fast_render_settings",
    "items": [
        {
            "name": "Set device to GPU",
            "completed": false
        },
        {
            "name": "Reduce Sample count",
            "completed": false
        },
        {
            "name": "Enable Denoising",
            "completed": false
        },
        {
            "name": "Optimize Light Paths",
            "completed": false
        },
        {
            "name": "Check output resolution",
            "completed": false
        },
        {
            "name": "Enable Persistent Data in Performance settings",
            "completed": false
        },
        {
            "name": "Reduce render resolution",
            "completed": false
        },
        {
            "name": "Increase Noise Threshold",
            "completed": false
        }
    ]
}