{
    "name": "gameasset_export_check",
    "items": [
        {
            "name": "Apply all transforms",
            "completed": false
        },
        {
            "name": "Check for non-manifold geometry",
            "completed": false
        },
        {
            "name": "Merge overlapping vertices",
            "completed": false
        },
        {
            "name": "Ensure origin is in suitable location",
            "completed": false
        },
        {
            "name": "Apply modifiers if necessary",
            "completed": false
        },
        {
            "name": "Check UVs",
            "completed": false
        },
        {
            "name": "Ensure proper naming conventions",
            "completed": false
        }
    ]
}