{
    "name": "pre_render_check",
    "items": [
        {
            "name": "Check camera view and composition",
            "completed": false
        },
        {
            "name": "Ensure all necessary objects are visible in the scene",
            "completed": false
        },
        {
            "name": "Verify lighting setup for desired mood",
            "completed": false
        },
        {
            "name": "Check materials and textures for accuracy",
            "completed": false
        },
        {
            "name": "Set render resolution and aspect ratio",
            "completed": false
        },
        {
            "name": "Adjust render settings (samples, denoising, etc.)",
            "completed": false
        },
        {
            "name": "Save project file!",
            "completed": false
        }
    ]
}