{
    "name": "shopping_list",
    "items": [
        {
            "name": "Milk",
            "completed": false
        },
        {
            "name": "Eggs",
            "completed": false
        },
        {
            "name": "Bread",
            "completed": false
        },
        {
            "name": "Apples",
            "completed": false
        },
        {
            "name": "Pasta",
            "completed": false
        },
        {
            "name": "Tomatoes",
            "completed": false
        }
    ]
}